plataforma,timestamp,zona,direccion,local,producto,descripcion_producto,precio_producto,precio_producto_original,descuento_producto,precio_envio,precio_envio_promo,tiempo_entrega,rating,horario_apertura,horario_cierre,disponible,error
"Uber Eats","2026-05-12T19:24:48.558Z","Norte - Monterrey Centro","Av. Constitución 201, Centro, Monterrey, Nuevo León","McDonald's Hidalgo","Big Mac","Hamburguesa con 2 carnes de res, con salsa especial de Big Mac y queso derretido","125",,"unknown","0","Costo de envío: MXN0 (usuarios nuevos)","10-10 min","4.2","12:00:00","22:45:00","true",
"Uber Eats","2026-05-12T19:25:03.947Z","Norte - Monterrey Centro","Av. Constitución 201, Centro, Monterrey, Nuevo León","Burger King (Plaza México)","Whopper","Disfruta de un Combo de Whopper con queso con papas y refresco y gratis un Pay de Manzana o 4 Nuggets de Pollo","159","199","-20%","0","Costo de envío: MXN0 (usuarios nuevos)","10-10 min","4.1","11:00:00","19:55:00","true",
"Uber Eats","2026-05-12T19:25:18.359Z","Norte - Monterrey Centro","Av. Constitución 201, Centro, Monterrey, Nuevo León","7 Eleven 🛒(NUEVA MIGUEL HIDALGO)","Coca-Cola 600 ml","Coca-Cola · Refresco original (600 ml)","25",,"unknown","0","Para ahorrar dinero en la entrega, puedes obtener una membresía Uber One, si está disponible en tu área, ya que una de las ventajas es que ofrece entrega a $0 por costo de envío en pedidos seleccionados.","10-10 min","5","07:00:00","02:00:00","true",
"Uber Eats","2026-05-12T19:26:02.540Z","Norte - San Pedro","Av. Vasconcelos 150, Del Valle, San Pedro Garza García, Nuevo León","McDonald's Gomez Morin","Big Mac","Hamburguesa con 2 carnes de res, con salsa especial de Big Mac y queso derretido","145",,"unknown","0","Costo de envío: MXN0 (usuarios nuevos)","14-14 min","4.3","12:00:00","23:45:00","true",
"Uber Eats","2026-05-12T19:26:24.456Z","Norte - San Pedro","Av. Vasconcelos 150, Del Valle, San Pedro Garza García, Nuevo León","Burger King (Plaza México)","Whopper","Disfruta de un Combo de Whopper con queso con papas y refresco y gratis un Pay de Manzana o 4 Nuggets de Pollo","159","199","-20%","0","Costo de envío: MXN0 (usuarios nuevos)","28-28 min","4.1","11:00:00","19:55:00","true",
"Uber Eats","2026-05-12T19:26:44.225Z","Norte - San Pedro","Av. Vasconcelos 150, Del Valle, San Pedro Garza García, Nuevo León","7 Eleven 🛒(JERÓNIMO SILLER)","Coca-Cola 600 ml","Coca-Cola · Refresco light (600 ml)","26",,"unknown","0","Para ahorrar dinero en la entrega, puedes obtener una membresía Uber One, si está disponible en tu área, ya que una de las ventajas es que ofrece entrega a $0 por costo de envío en pedidos seleccionados.","10-10 min","4.9","07:00:00","02:00:00","true",
"Uber Eats","2026-05-12T19:27:30.367Z","Norte - Chihuahua","Av. Universidad 1700, Santo Niño, Chihuahua, Chihuahua","McDonald's (Victoria)","Big Mac","Hamburguesa con 2 carnes de res, con salsa especial de Big Mac y queso derretido","125",,"unknown","0","Costo de envío: $0","11-11 min","4.5","12:00:00","20:45:00","true",
"Uber Eats","2026-05-12T19:27:51.374Z","Norte - Chihuahua","Av. Universidad 1700, Santo Niño, Chihuahua, Chihuahua","unknown","Whopper","unknown",,,"unknown",,"unknown","unknown",,"unknown","unknown","false","No pude capturar getStoreV1 para Burger King"
"Uber Eats","2026-05-12T19:28:14.406Z","Norte - Chihuahua","Av. Universidad 1700, Santo Niño, Chihuahua, Chihuahua","unknown","Coca-Cola 600 ml","unknown",,,"unknown",,"unknown","unknown",,"unknown","unknown","false","No pude capturar getStoreV1 para 7 Eleven"
"Uber Eats","2026-05-12T19:29:10.091Z","Norte - Torreón","Blvd. Independencia 1300, Navarro, Torreón, Coahuila","unknown","Big Mac","unknown",,,"unknown",,"unknown","unknown",,"unknown","unknown","false","No pude capturar getStoreV1 para McDonald's"
"Uber Eats","2026-05-12T19:29:43.708Z","Norte - Torreón","Blvd. Independencia 1300, Navarro, Torreón, Coahuila","unknown","Whopper","unknown",,,"unknown",,"unknown","unknown",,"unknown","unknown","false","No pude capturar getStoreV1 para Burger King"
"Uber Eats","2026-05-12T19:30:16.810Z","Norte - Torreón","Blvd. Independencia 1300, Navarro, Torreón, Coahuila","unknown","Coca-Cola 600 ml","unknown",,,"unknown",,"unknown","unknown",,"unknown","unknown","false","No pude capturar getStoreV1 para 7 Eleven"
"Uber Eats","2026-05-12T19:31:12.155Z","Norte - Hermosillo","Blvd. Luis Encinas J. 172, Centro, Hermosillo, Sonora","unknown","Big Mac","unknown",,,"unknown",,"unknown","unknown",,"unknown","unknown","false","No pude capturar getStoreV1 para McDonald's"
"Uber Eats","2026-05-12T19:31:45.120Z","Norte - Hermosillo","Blvd. Luis Encinas J. 172, Centro, Hermosillo, Sonora","unknown","Whopper","unknown",,,"unknown",,"unknown","unknown",,"unknown","unknown","false","No pude capturar getStoreV1 para Burger King"
"Uber Eats","2026-05-12T19:32:18.325Z","Norte - Hermosillo","Blvd. Luis Encinas J. 172, Centro, Hermosillo, Sonora","unknown","Coca-Cola 600 ml","unknown",,,"unknown",,"unknown","unknown",,"unknown","unknown","false","No pude capturar getStoreV1 para 7 Eleven"
"Uber Eats","2026-05-12T19:33:07.133Z","Oeste - Guadalajara","Av. Juárez 975, Americana, Guadalajara, Jalisco","unknown","Big Mac","unknown",,,"unknown",,"unknown","unknown",,"unknown","unknown","false","No pude capturar getStoreV1 para McDonald's"
"Uber Eats","2026-05-12T19:33:40.278Z","Oeste - Guadalajara","Av. Juárez 975, Americana, Guadalajara, Jalisco","unknown","Whopper","unknown",,,"unknown",,"unknown","unknown",,"unknown","unknown","false","No pude capturar getStoreV1 para Burger King"
"Uber Eats","2026-05-12T19:34:13.452Z","Oeste - Guadalajara","Av. Juárez 975, Americana, Guadalajara, Jalisco","unknown","Coca-Cola 600 ml","unknown",,,"unknown",,"unknown","unknown",,"unknown","unknown","false","No pude capturar getStoreV1 para 7 Eleven"
"Uber Eats","2026-05-12T19:34:46.344Z","Oeste - Zapopan","Av. Patria 2085, Puerta de Hierro, Zapopan, Jalisco","McDonald's Plaza Patria","Big Mac","Dos carnes de res, con salsa especial de Big Mac, queso, lechuga, jitomate, cebolla y pepinillos.","100",,"unknown","0","Costo de envío: MXN0 (usuarios nuevos)","17-17 min","4.6","07:45:00","12:00:00","true",
"Uber Eats","2026-05-12T19:35:05.007Z","Oeste - Zapopan","Av. Patria 2085, Puerta de Hierro, Zapopan, Jalisco","Burger King (Andares)","Whopper","Disfruta de un Combo de Whopper con queso con papas y refresco y gratis un Pay de Manzana o 4 Nuggets de Pollo","159","199","-20%","0","Costo de envío: MXN0 (usuarios nuevos)","10-10 min","4.3","10:30:00","22:25:00","true",
"Uber Eats","2026-05-12T19:35:19.163Z","Oeste - Zapopan","Av. Patria 2085, Puerta de Hierro, Zapopan, Jalisco","unknown","Coca-Cola 600 ml","unknown",,,"unknown",,"unknown","unknown",,"unknown","unknown","false","Producto no encontrado en getStoreV1: Coca-Cola 600 ml. Local capturado: 7 Eleven 🛒(FERRARI). Ejemplos: Panini · Sobre de estampas FIFA mundial 2026 | Barcel · Chip's fuego papas fritas, chile-limón ardiente (55 g) | Chip's · Papas fritas, jalapeño (170 g) | Sabritas · Kacang cacahuate cubierto frito enchilado flamin' hot (100 g) | Sabritas · Botana de chicharrón de cerdo (115 g) | Modelo · Cerveza lager clara especial (355 ml) | Tecate · Cerveza 0.0% sin alcohol (355 ml) | Sabritas · Chicharrón de cerdo (30 g) | Sabritas · Papas fritas original | Modelo · Cerveza lager especial (473 ml)"
"Uber Eats","2026-05-12T19:36:08.075Z","Oeste - Puerto Vallarta","Av. Francisco Medina Ascencio 2920, Zona Hotelera Norte, Puerto Vallarta, Jalisco","unknown","Big Mac","unknown",,,"unknown",,"unknown","unknown",,"unknown","unknown","false","No pude capturar getStoreV1 para McDonald's"
"Uber Eats","2026-05-12T19:36:41.623Z","Oeste - Puerto Vallarta","Av. Francisco Medina Ascencio 2920, Zona Hotelera Norte, Puerto Vallarta, Jalisco","unknown","Whopper","unknown",,,"unknown",,"unknown","unknown",,"unknown","unknown","false","No pude capturar getStoreV1 para Burger King"
"Uber Eats","2026-05-12T19:37:14.656Z","Oeste - Puerto Vallarta","Av. Francisco Medina Ascencio 2920, Zona Hotelera Norte, Puerto Vallarta, Jalisco","unknown","Coca-Cola 600 ml","unknown",,,"unknown",,"unknown","unknown",,"unknown","unknown","false","No pude capturar getStoreV1 para 7 Eleven"
"Uber Eats","2026-05-12T19:37:46.362Z","Oeste - Morelia","Av. Acueducto 3800, Chapultepec Norte, Morelia, Michoacán","McDonald's Americas Morelia","Big Mac","Hamburguesa con 2 carnes de res, con salsa especial de Big Mac y queso derretido","156",,"unknown","0","Costo de envío: $0","10-10 min","4.6","12:00:00","21:45:00","true",
"Uber Eats","2026-05-12T19:38:01.608Z","Oeste - Morelia","Av. Acueducto 3800, Chapultepec Norte, Morelia, Michoacán","Burger King (Morelia Campestre 1)","Whopper","Disfruta de un Combo de Whopper con queso con papas y refresco y gratis un Pay de Manzana o 4 Nuggets de Pollo","159","199","-20%","0","Costo de envío: $0","10-10 min","4.4","09:30:00","22:55:00","true",
"Uber Eats","2026-05-12T19:38:13.139Z","Oeste - Morelia","Av. Acueducto 3800, Chapultepec Norte, Morelia, Michoacán","unknown","Coca-Cola 600 ml","unknown",,,"unknown",,"unknown","unknown",,"unknown","unknown","false","No pude capturar getStoreV1 para 7 Eleven"
"Uber Eats","2026-05-12T19:38:45.857Z","Oeste - León","Blvd. Adolfo López Mateos 2518, Jardines del Moral, León, Guanajuato","unknown","Big Mac","unknown",,,"unknown",,"unknown","unknown",,"unknown","unknown","false","Producto no encontrado en getStoreV1: Big Mac. Local capturado: Postres x McDonald's  (Blvd. Las Torres). Ejemplos: 3x2 McFlurry Oreo | McFlurry Emperador | Pay de Piña | McFlurry Oreo | McFlurry M&M's | Pay de queso | Pay de manzana | Sundae chocolate | Sundae fresa | Malteada chocolate"
"Uber Eats","2026-05-12T19:39:01.535Z","Oeste - León","Blvd. Adolfo López Mateos 2518, Jardines del Moral, León, Guanajuato","Burger King (León Insurgentes)","Whopper","Disfruta de un Combo de Whopper con queso con papas y refresco y gratis un Pay de Manzana o 4 Nuggets de Pollo","159","199","-20%","0","Costo de envío: MXN0 (usuarios nuevos)","10-10 min","4.5","09:00:00","22:55:00","true",
"Uber Eats","2026-05-12T19:39:13.116Z","Oeste - León","Blvd. Adolfo López Mateos 2518, Jardines del Moral, León, Guanajuato","unknown","Coca-Cola 600 ml","unknown",,,"unknown",,"unknown","unknown",,"unknown","unknown","false","No pude capturar getStoreV1 para 7 Eleven"
"Uber Eats","2026-05-12T19:39:47.617Z","Centro - CDMX Polanco","Av. Presidente Masaryk 111, Polanco, Ciudad de México, CDMX","McDonald's (Plaza Galerías)","Big Mac","Hamburguesa con 2 carnes de res, con salsa especial de Big Mac y queso derretido","125",,"unknown","0","Costo de envío: MXN0 (usuarios nuevos)","16-16 min","4.5","12:00:00","21:45:00","true",
"Uber Eats","2026-05-12T19:40:15.207Z","Centro - CDMX Polanco","Av. Presidente Masaryk 111, Polanco, Ciudad de México, CDMX","Burger King (Antara)","Whopper","Disfruta de un Combo de Whopper con queso con papas y refresco y gratis un Pay de Manzana o 4 Nuggets de Pollo","159","199","-20%","0","Costo de envío: MXN0 (usuarios nuevos)","22-22 min","4.3","11:00:00","21:55:00","true",
"Uber Eats","2026-05-12T19:40:36.274Z","Centro - CDMX Polanco","Av. Presidente Masaryk 111, Polanco, Ciudad de México, CDMX","7 Eleven 🛒( HEGEL)","Coca-Cola 600 ml","Coca-Cola · Refresco zero (600 ml)","20.5",,"unknown","0","Para ahorrar dinero en la entrega, puedes obtener una membresía Uber One, si está disponible en tu área, ya que una de las ventajas es que ofrece entrega a $0 por costo de envío en pedidos seleccionados.","10-10 min","4.7","07:00:00","06:59:00","true",
"Uber Eats","2026-05-12T19:41:22.068Z","Centro - CDMX Roma Norte","Av. Álvaro Obregón 286, Roma Norte, Ciudad de México, CDMX","McDonald's Sears Insurgentes","Big Mac","Hamburguesa con 2 carnes de res, con salsa especial de Big Mac y queso derretido","125",,"unknown","0","Costo de envío: MXN0 (usuarios nuevos)","10-10 min","4.5","10:00:00","23:59:00","true",
"Uber Eats","2026-05-12T19:41:43.131Z","Centro - CDMX Roma Norte","Av. Álvaro Obregón 286, Roma Norte, Ciudad de México, CDMX","Burger King (Genova)","Whopper","Disfruta de un Combo de Whopper con queso con papas y refresco y gratis un Pay de Manzana o 4 Nuggets de Pollo","159","199","-20%","0","Costo de envío: MXN0 (usuarios nuevos)","10-10 min","4.3","00:01:00","01:50:00","true",
"Uber Eats","2026-05-12T19:41:58.239Z","Centro - CDMX Roma Norte","Av. Álvaro Obregón 286, Roma Norte, Ciudad de México, CDMX","unknown","Coca-Cola 600 ml","unknown",,,"unknown",,"unknown","unknown",,"unknown","unknown","false","Producto no encontrado en getStoreV1: Coca-Cola 600 ml. Local capturado: 7 Eleven 🛒(Alvaro Obregon II). Ejemplos: Panini · Sobre de estampas FIFA mundial 2026 | Barcel · Chip's fuego papas fritas, chile-limón ardiente (55 g) | Modelo · Cerveza especial (355 ml) | Sabritas · Kacang cacahuate cubierto frito enchilado flamin' hot (100 g) | Modelo · Cerveza dorada sin alcohol (355 ml) | Sabritas · Chicharrón de cerdo (30 g) | Modelo · Cerveza lager especial (473 ml) | Sabritas · Kacang cacahuates cubiertos fritos, cheetos torciditos (110 g) | Tecate · Cerveza 0.0% sin alcohol (355 ml) | Tecate · Cerveza lager original (12 x 355 ml)"
"Uber Eats","2026-05-12T19:42:30.115Z","Centro - CDMX Coyoacán","Av. Miguel Ángel de Quevedo 687, Coyoacán, Ciudad de México, CDMX","McDonald's División del Norte","Big Mac","Hamburguesa con 2 carnes de res, con salsa especial de Big Mac y queso derretido","145",,"unknown","0","Costo de envío: MXN0 (usuarios nuevos)","10-10 min","4.6","12:00:00","23:45:00","true",
"Uber Eats","2026-05-12T19:42:46.341Z","Centro - CDMX Coyoacán","Av. Miguel Ángel de Quevedo 687, Coyoacán, Ciudad de México, CDMX","Burger King (Copilco)","Whopper","Disfruta de un Combo de Whopper con queso con papas y refresco y gratis un Pay de Manzana o 4 Nuggets de Pollo","159","199","-20%","0","Costo de envío: MXN0 (usuarios nuevos)","10-10 min","4.3","09:00:00","23:54:00","true",
"Uber Eats","2026-05-12T19:43:01.630Z","Centro - CDMX Coyoacán","Av. Miguel Ángel de Quevedo 687, Coyoacán, Ciudad de México, CDMX","7 Eleven 🛒( CARRILLO PUERTO)","Coca-Cola 600 ml","Coca-Cola · Refresco light (600 ml)","25",,"unknown","0","Para ahorrar dinero en la entrega, puedes obtener una membresía Uber One, si está disponible en tu área, ya que una de las ventajas es que ofrece entrega a $0 por costo de envío en pedidos seleccionados.","10-10 min","5","07:00:00","06:59:00","true",
"Uber Eats","2026-05-12T19:43:32.831Z","Centro - Querétaro","Av. Constituyentes 40, Centro, Santiago de Querétaro, Querétaro","McDonalds Puerta la Victoria","Big Mac","Hamburguesa con 2 carnes de res, con salsa especial de Big Mac y queso derretido","125",,"unknown","0","Costo de envío: MXN0 (usuarios nuevos)","12-12 min","4.4","10:00:00","21:45:00","true",
"Uber Eats","2026-05-12T19:43:49.582Z","Centro - Querétaro","Av. Constituyentes 40, Centro, Santiago de Querétaro, Querétaro","Burger King (Querétaro Tec)","Whopper","Bueno, Bonito y Barato: Elige el tradicional Combo Whopper® con queso y pay de manzana o 4 Nuggets de pollo.","159","199","-20%","0","Costo de envío: MXN0 (usuarios nuevos)","10-10 min","4.4","09:00:00","01:45:00","true",
"Uber Eats","2026-05-12T19:44:02.739Z","Centro - Querétaro","Av. Constituyentes 40, Centro, Santiago de Querétaro, Querétaro","unknown","Coca-Cola 600 ml","unknown",,,"unknown",,"unknown","unknown",,"unknown","unknown","false","No pude capturar getStoreV1 para 7 Eleven"
"Uber Eats","2026-05-12T19:44:51.323Z","Centro - Puebla","Av. Juárez 2925, La Paz, Puebla, Puebla","unknown","Big Mac","unknown",,,"unknown",,"unknown","unknown",,"unknown","unknown","false","No pude capturar getStoreV1 para McDonald's"
"Uber Eats","2026-05-12T19:45:24.285Z","Centro - Puebla","Av. Juárez 2925, La Paz, Puebla, Puebla","unknown","Whopper","unknown",,,"unknown",,"unknown","unknown",,"unknown","unknown","false","No pude capturar getStoreV1 para Burger King"
"Uber Eats","2026-05-12T19:45:57.379Z","Centro - Puebla","Av. Juárez 2925, La Paz, Puebla, Puebla","unknown","Coca-Cola 600 ml","unknown",,,"unknown",,"unknown","unknown",,"unknown","unknown","false","No pude capturar getStoreV1 para 7 Eleven"
"Uber Eats","2026-05-12T19:46:27.466Z","Este - Veracruz","Blvd. Manuel Ávila Camacho 1371, Ricardo Flores Magón, Veracruz, Veracruz","McDonald's Villa del Mar","Big Mac","Hamburguesa con 2 carnes de res, con salsa especial de Big Mac y queso derretido","114",,"unknown","0","Costo de envío: $0","10-10 min","4.6","12:00:00","21:45:00","true",
"Uber Eats","2026-05-12T19:46:41.784Z","Este - Veracruz","Blvd. Manuel Ávila Camacho 1371, Ricardo Flores Magón, Veracruz, Veracruz","Burger King (Plaza Portal Veracruz)","Whopper","Bueno, Bonito y Barato: Elige el tradicional Combo Whopper® con queso y pay de manzana o 4 Nuggets de pollo.","159","199","-20%","0","Costo de envío: $0","13-13 min","4.6","10:00:00","20:40:00","true",
"Uber Eats","2026-05-12T19:46:53.181Z","Este - Veracruz","Blvd. Manuel Ávila Camacho 1371, Ricardo Flores Magón, Veracruz, Veracruz","unknown","Coca-Cola 600 ml","unknown",,,"unknown",,"unknown","unknown",,"unknown","unknown","false","No pude capturar getStoreV1 para 7 Eleven"
"Uber Eats","2026-05-12T19:47:42.662Z","Este - Xalapa","Av. Lázaro Cárdenas 100, Xalapa-Enríquez, Veracruz","unknown","Big Mac","unknown",,,"unknown",,"unknown","unknown",,"unknown","unknown","false","No pude capturar getStoreV1 para McDonald's"
"Uber Eats","2026-05-12T19:48:15.633Z","Este - Xalapa","Av. Lázaro Cárdenas 100, Xalapa-Enríquez, Veracruz","unknown","Whopper","unknown",,,"unknown",,"unknown","unknown",,"unknown","unknown","false","No pude capturar getStoreV1 para Burger King"
"Uber Eats","2026-05-12T19:48:48.526Z","Este - Xalapa","Av. Lázaro Cárdenas 100, Xalapa-Enríquez, Veracruz","unknown","Coca-Cola 600 ml","unknown",,,"unknown",,"unknown","unknown",,"unknown","unknown","false","No pude capturar getStoreV1 para 7 Eleven"
"Uber Eats","2026-05-12T19:49:36.859Z","Sur - Oaxaca","Calz. Porfirio Díaz 258, Reforma, Oaxaca de Juárez, Oaxaca","unknown","Big Mac","unknown",,,"unknown",,"unknown","unknown",,"unknown","unknown","false","No pude capturar getStoreV1 para McDonald's"
"Uber Eats","2026-05-12T19:50:09.886Z","Sur - Oaxaca","Calz. Porfirio Díaz 258, Reforma, Oaxaca de Juárez, Oaxaca","unknown","Whopper","unknown",,,"unknown",,"unknown","unknown",,"unknown","unknown","false","No pude capturar getStoreV1 para Burger King"
"Uber Eats","2026-05-12T19:50:42.762Z","Sur - Oaxaca","Calz. Porfirio Díaz 258, Reforma, Oaxaca de Juárez, Oaxaca","unknown","Coca-Cola 600 ml","unknown",,,"unknown",,"unknown","unknown",,"unknown","unknown","false","No pude capturar getStoreV1 para 7 Eleven"
"Uber Eats","2026-05-12T19:51:14.617Z","Sur - Mérida","Paseo de Montejo 495, Centro, Mérida, Yucatán","McDonald's (Centro)","Big Mac","Hamburguesa con 2 carnes de res, con salsa especial de Big Mac y queso derretido","125",,"unknown","0","Costo de envío: MXN0 (usuarios nuevos)","13-13 min","4.5","12:00:00","21:45:00","true",
"Uber Eats","2026-05-12T19:51:30.202Z","Sur - Mérida","Paseo de Montejo 495, Centro, Mérida, Yucatán","Burger King (Centro Mérida)","Whopper","Bueno, Bonito y Barato: Elige el tradicional Combo Whopper® con queso y pay de manzana o 4 Nuggets de pollo.","159","199","-20%","0","Costo de envío: MXN0 (usuarios nuevos)","13-13 min","4.6","10:00:00","21:45:00","true",
"Uber Eats","2026-05-12T19:51:44.275Z","Sur - Mérida","Paseo de Montejo 495, Centro, Mérida, Yucatán","7 Eleven 🛒( ZOCALO)","Coca-Cola 600 ml","Coca-Cola · Refresco original (600 ml)","28.5",,"unknown","0","Para ahorrar dinero en la entrega, puedes obtener una membresía Uber One, si está disponible en tu área, ya que una de las ventajas es que ofrece entrega a $0 por costo de envío en pedidos seleccionados.","13-13 min","4.8","07:00:00","01:59:00","true",
"Uber Eats","2026-05-12T19:52:32.188Z","Sur - Cancún","Av. Tulum 260, Centro, Cancún, Quintana Roo","unknown","Big Mac","unknown",,,"unknown",,"unknown","unknown",,"unknown","unknown","false","No pude capturar getStoreV1 para McDonald's"
"Uber Eats","2026-05-12T19:53:05.108Z","Sur - Cancún","Av. Tulum 260, Centro, Cancún, Quintana Roo","unknown","Whopper","unknown",,,"unknown",,"unknown","unknown",,"unknown","unknown","false","No pude capturar getStoreV1 para Burger King"
"Uber Eats","2026-05-12T19:53:38.088Z","Sur - Cancún","Av. Tulum 260, Centro, Cancún, Quintana Roo","unknown","Coca-Cola 600 ml","unknown",,,"unknown",,"unknown","unknown",,"unknown","unknown","false","No pude capturar getStoreV1 para 7 Eleven"